{"cameraMode":{"drawMode":0,"name":"Shaded","section":"Shading Mode"},"sceneLighting":true,"audioPlay":false,"sceneViewState":{"showFog":false,"showMaterialUpdate":false,"showSkybox":false,"showFlares":false,"showImageEffects":false,"showParticleSystems":false},"in2DMode":false,"pivot":{"x":0.06319442391395569,"y":2.9600000381469728,"z":1.8160440921783448},"rotation":{"x":0.37937819957733157,"y":0.566372275352478,"z":-0.32873380184173586,"w":0.6536265015602112},"size":0.3473110795021057,"orthographic":false}