{"cameraMode":{"drawMode":0,"name":"Shaded","section":"Shading Mode"},"sceneLighting":true,"audioPlay":false,"sceneViewState":{"showFog":false,"showMaterialUpdate":false,"showSkybox":false,"showFlares":false,"showImageEffects":false,"showParticleSystems":false},"in2DMode":false,"pivot":{"x":1.3181638717651368,"y":-0.8303799629211426,"z":-25.757293701171876},"rotation":{"x":0.4149305820465088,"y":0.17372991144657136,"z":-0.08104842901229859,"w":0.889431893825531},"size":15.84150505065918,"orthographic":false}