{"cameraMode":{"drawMode":0,"name":"Shaded","section":"Shading Mode"},"sceneLighting":false,"audioPlay":false,"sceneViewState":{"showFog":false,"showMaterialUpdate":false,"showSkybox":false,"showFlares":false,"showImageEffects":false,"showParticleSystems":false},"in2DMode":false,"pivot":{"x":0.13350129127502442,"y":0.8608008027076721,"z":-0.21497854590415955},"rotation":{"x":0.296975702047348,"y":0.1748826950788498,"z":-0.05542215332388878,"w":0.937096893787384},"size":2.5874435901641847,"orthographic":false}